{
  "weekStart": "2026-03-30",
  "us": {
    "count": 6304,
    "rating": 4.494241751269036
  },
  "uk": {
    "EarthChamp": {
      "count": 3377,
      "rating": 4.4548711874444775
    },
    "Boho": {
      "count": 1024,
      "rating": 4.5
    }
  },
  "de": {
    "EarthChamp": {
      "count": 3264,
      "rating": 4.3
    },
    "Boho": {
      "count": 990,
      "rating": 4.4
    }
  }
}
